<?xml version="1.0" encoding="UTF-8"?>
<GenRun Id="impl_1" LaunchPart="xc7z020clg484-1" LaunchTime="1771310802">
  <File Type="PA-TCL" Name="top_secure_sensor.tcl"/>
  <File Type="REPORTS-TCL" Name="top_secure_sensor_reports.tcl"/>
  <File Type="INIT-TIMING" Name="top_secure_sensor_timing_summary_init.rpt"/>
  <File Type="OPT-DCP" Name="top_secure_sensor_opt.dcp"/>
  <File Type="OPT-DRC" Name="top_secure_sensor_drc_opted.rpt"/>
  <File Type="OPT-UTIL" Name="top_secure_sensor_utilization_opted.rpt"/>
  <File Type="OPT-UTIL-PB" Name="top_secure_sensor_utilization_opted.pb"/>
  <File Type="OPT-METHODOLOGY-DRC" Name="top_secure_sensor_methodology_drc_opted.rpt"/>
  <File Type="OPT-HWDEF" Name="top_secure_sensor.hwdef"/>
  <File Type="OPT-TIMING" Name="top_secure_sensor_timing_summary_opted.rpt"/>
  <File Type="OPT-RQA-PB" Name="top_secure_sensor_rqa_opted.pb"/>
  <File Type="PWROPT-DCP" Name="top_secure_sensor_pwropt.dcp"/>
  <File Type="PWROPT-DRC" Name="top_secure_sensor_drc_pwropted.rpt"/>
  <File Type="PWROPT-TIMING" Name="top_secure_sensor_timing_summary_pwropted.rpt"/>
  <File Type="PLACE-DCP" Name="top_secure_sensor_placed.dcp"/>
  <File Type="PLACE-IO" Name="top_secure_sensor_io_placed.rpt"/>
  <File Type="PLACE-CLK" Name="top_secure_sensor_clock_utilization_placed.rpt"/>
  <File Type="PLACE-UTIL" Name="top_secure_sensor_utilization_placed.rpt"/>
  <File Type="PLACE-UTIL-PB" Name="top_secure_sensor_utilization_placed.pb"/>
  <File Type="PLACE-CTRL" Name="top_secure_sensor_control_sets_placed.rpt"/>
  <File Type="PLACE-SIMILARITY" Name="top_secure_sensor_incremental_reuse_placed.rpt"/>
  <File Type="PLACE-PRE-SIMILARITY" Name="top_secure_sensor_incremental_reuse_pre_placed.rpt"/>
  <File Type="PLACE-TIMING" Name="top_secure_sensor_timing_summary_placed.rpt"/>
  <File Type="PLACE-RQA-PB" Name="top_secure_sensor_rqa_placed.pb"/>
  <File Type="POSTPLACE-PWROPT-DCP" Name="top_secure_sensor_postplace_pwropt.dcp"/>
  <File Type="POSTPLACE-PWROPT-TIMING" Name="top_secure_sensor_timing_summary_postplace_pwropted.rpt"/>
  <File Type="PHYSOPT-DCP" Name="top_secure_sensor_physopt.dcp"/>
  <File Type="PHYSOPT-DRC" Name="top_secure_sensor_drc_physopted.rpt"/>
  <File Type="PHYSOPT-TIMING" Name="top_secure_sensor_timing_summary_physopted.rpt"/>
  <File Type="ROUTE-ERROR-DCP" Name="top_secure_sensor_routed_error.dcp"/>
  <File Type="ROUTE-DCP" Name="top_secure_sensor_routed.dcp"/>
  <File Type="ROUTE-BLACKBOX-DCP" Name="top_secure_sensor_routed_bb.dcp"/>
  <File Type="ROUTE-UTIL" Name="top_secure_sensor_utilization_routed.rpt"/>
  <File Type="ROUTE-UTIL-PB" Name="top_secure_sensor_utilization_routed.pb"/>
  <File Type="ROUTE-DRC" Name="top_secure_sensor_drc_routed.rpt"/>
  <File Type="ROUTE-DRC-PB" Name="top_secure_sensor_drc_routed.pb"/>
  <File Type="ROUTE-DRC-RPX" Name="top_secure_sensor_drc_routed.rpx"/>
  <File Type="ROUTE-METHODOLOGY-DRC" Name="top_secure_sensor_methodology_drc_routed.rpt"/>
  <File Type="ROUTE-METHODOLOGY-DRC-RPX" Name="top_secure_sensor_methodology_drc_routed.rpx"/>
  <File Type="ROUTE-METHODOLOGY-DRC-PB" Name="top_secure_sensor_methodology_drc_routed.pb"/>
  <File Type="ROUTE-PWR" Name="top_secure_sensor_power_routed.rpt"/>
  <File Type="ROUTE-PWR-SUM" Name="top_secure_sensor_power_summary_routed.pb"/>
  <File Type="ROUTE-PWR-RPX" Name="top_secure_sensor_power_routed.rpx"/>
  <File Type="ROUTE-STATUS" Name="top_secure_sensor_route_status.rpt"/>
  <File Type="ROUTE-STATUS-PB" Name="top_secure_sensor_route_status.pb"/>
  <File Type="ROUTE-TIMINGSUMMARY" Name="top_secure_sensor_timing_summary_routed.rpt"/>
  <File Type="ROUTE-TIMING-PB" Name="top_secure_sensor_timing_summary_routed.pb"/>
  <File Type="ROUTE-TIMING-RPX" Name="top_secure_sensor_timing_summary_routed.rpx"/>
  <File Type="ROUTE-SIMILARITY" Name="top_secure_sensor_incremental_reuse_routed.rpt"/>
  <File Type="ROUTE-CLK" Name="top_secure_sensor_clock_utilization_routed.rpt"/>
  <File Type="ROUTE-BUS-SKEW" Name="top_secure_sensor_bus_skew_routed.rpt"/>
  <File Type="ROUTE-BUS-SKEW-PB" Name="top_secure_sensor_bus_skew_routed.pb"/>
  <File Type="ROUTE-BUS-SKEW-RPX" Name="top_secure_sensor_bus_skew_routed.rpx"/>
  <File Type="ROUTE-RQS-PB" Name="top_secure_sensor_rqs_routed.pb"/>
  <File Type="POSTROUTE-PHYSOPT-DCP" Name="top_secure_sensor_postroute_physopt.dcp"/>
  <File Type="POSTROUTE-PHYSOPT-BLACKBOX-DCP" Name="top_secure_sensor_postroute_physopt_bb.dcp"/>
  <File Type="POSTROUTE-PHYSOPT-TIMING" Name="top_secure_sensor_timing_summary_postroute_physopted.rpt"/>
  <File Type="POSTROUTE-PHYSOPT-TIMING-PB" Name="top_secure_sensor_timing_summary_postroute_physopted.pb"/>
  <File Type="POSTROUTE-PHYSOPT-TIMING-RPX" Name="top_secure_sensor_timing_summary_postroute_physopted.rpx"/>
  <File Type="POSTROUTE-PHYSOPT-BUS-SKEW" Name="top_secure_sensor_bus_skew_postroute_physopted.rpt"/>
  <File Type="POSTROUTE-PHYSOPT-BUS-SKEW-PB" Name="top_secure_sensor_bus_skew_postroute_physopted.pb"/>
  <File Type="POSTROUTE-PHYSOPT-BUS-SKEW-RPX" Name="top_secure_sensor_bus_skew_postroute_physopted.rpx"/>
  <File Type="BG-BIT" Name="top_secure_sensor.bit"/>
  <File Type="BG-BIN" Name="top_secure_sensor.bin"/>
  <File Type="BITSTR-MSK" Name="top_secure_sensor.msk"/>
  <File Type="BITSTR-RBT" Name="top_secure_sensor.rbt"/>
  <File Type="BITSTR-NKY" Name="top_secure_sensor.nky"/>
  <File Type="BITSTR-BMM" Name="top_secure_sensor_bd.bmm"/>
  <File Type="BITSTR-MMI" Name="top_secure_sensor.mmi"/>
  <File Type="PDI-FILE" Name="top_secure_sensor.pdi"/>
  <File Type="BOOT-PDI-FILE" Name="top_secure_sensor_boot.pdi"/>
  <File Type="PL-PDI-FILE" Name="top_secure_sensor_pld.pdi"/>
  <File Type="RCFI_FILE" Name="top_secure_sensor.rcfi"/>
  <File Type="CFI_FILE" Name="top_secure_sensor.cfi"/>
  <File Type="RNPI_FILE" Name="top_secure_sensor.rnpi"/>
  <File Type="RCDO-FILE" Name="top_secure_sensor.rcdo"/>
  <File Type="MARKER-RNPI-FILE" Name="top_secure_sensor_markers.rnpi"/>
  <File Type="MARKER-RCDO-FILE" Name="top_secure_sensor_markers.rcdo"/>
  <File Type="BOOT_RNPI_FILE" Name="top_secure_sensor_boot.rnpi"/>
  <File Type="BOOT_MARKER_RNPI_FILE" Name="top_secure_sensor_boot_markers.rnpi"/>
  <File Type="PL_RNPI_FILE" Name="top_secure_sensor_pld.rnpi"/>
  <File Type="PL_MARKER_RNPI_FILE" Name="top_secure_sensor_pld_markers.rnpi"/>
  <File Type="PL_MASK_RNPI_FILE" Name="top_secure_sensor_pld_mask.rnpi"/>
  <File Type="PL_SHUTDOWN_RNPI_FILE" Name="top_secure_sensor_pld_shutdown.rnpi"/>
  <File Type="PL_UNMASK_RNPI_FILE" Name="top_secure_sensor_pld_unmask.rnpi"/>
  <File Type="PL-RCDO-FILE" Name="top_secure_sensor_pld.rcdo"/>
  <File Type="PL-CLEAR-RCDO-FILE" Name="top_secure_sensor_pld_clear.rcdo"/>
  <File Type="PL_MARKER_RCDO_FILE" Name="top_secure_sensor_pld_markers.rcdo"/>
  <File Type="PL_MASK_RCDO_FILE" Name="top_secure_sensor_pld_mask.rcdo"/>
  <File Type="PL_UNMASK_MARKER_RCDO_FILE" Name="top_secure_sensor_pld_unmask_markers.rcdo"/>
  <File Type="PL_UNMASK_RCDO_FILE" Name="top_secure_sensor_pld_unmask.rcdo"/>
  <File Type="NPI_FILE" Name="top_secure_sensor.npi"/>
  <File Type="RBD_FILE" Name="top_secure_sensor.rbd"/>
  <File Type="MMI-FILE" Name="top_secure_sensor.mmi"/>
  <File Type="BIF-FILE" Name="top_secure_sensor.bif"/>
  <File Type="BOOT-BIF-FILE" Name="top_secure_sensor_boot.bif"/>
  <File Type="PL-BIF-FILE" Name="top_secure_sensor_pld.bif"/>
  <File Type="LTX-FILE" Name="top_secure_sensor.ltx"/>
  <File Type="BOOT-LTX-FILE" Name="top_secure_sensor_boot.ltx"/>
  <File Type="PL-LTX-FILE" Name="top_secure_sensor_pld.ltx"/>
  <File Type="BITSTR-LTX" Name="debug_nets.ltx"/>
  <File Type="BITSTR-LTX" Name="top_secure_sensor.ltx"/>
  <File Type="BITSTR-SYSDEF" Name="top_secure_sensor.sysdef"/>
  <File Type="BG-BGN" Name="top_secure_sensor.bgn"/>
  <File Type="BG-DRC" Name="top_secure_sensor.drc"/>
  <File Type="RDI-RDI" Name="top_secure_sensor.vdi"/>
  <File Type="WBT-USG" Name="usage_statistics_webtalk.html"/>
  <File Type="ROUTE-RQS" Name="top_secure_sensor_routed.rqs"/>
  <File Type="POSTROUTE-PHYSOPT-RQS" Name="top_secure_sensor_postroute_physopted.rqs"/>
  <File Type="ROUTE-RQS-RPT" Name="route_report_qor_suggestions_0.rpt"/>
  <File Type="POSTROUTE-PHYSOPT-RQS-RPT" Name="postroute_physopt_report_qor_suggestions_0.rpt"/>
  <FileSet Name="sources" Type="DesignSrcs" RelSrcDir="$PSRCDIR/sources_1" RelGenDir="$PGENDIR/sources_1">
    <Filter Type="Srcs"/>
    <File Path="$PSRCDIR/sources_1/new/checksum_gen.v">
      <FileInfo>
        <Attr Name="UsedIn" Val="synthesis"/>
        <Attr Name="UsedIn" Val="implementation"/>
        <Attr Name="UsedIn" Val="simulation"/>
      </FileInfo>
    </File>
    <File Path="$PSRCDIR/sources_1/new/dht11_receiver.v">
      <FileInfo>
        <Attr Name="UsedIn" Val="synthesis"/>
        <Attr Name="UsedIn" Val="implementation"/>
        <Attr Name="UsedIn" Val="simulation"/>
      </FileInfo>
    </File>
    <File Path="$PSRCDIR/sources_1/new/encryptor_multi.v">
      <FileInfo>
        <Attr Name="UsedIn" Val="synthesis"/>
        <Attr Name="UsedIn" Val="implementation"/>
        <Attr Name="UsedIn" Val="simulation"/>
      </FileInfo>
    </File>
    <File Path="$PSRCDIR/sources_1/new/uart_tx.v">
      <FileInfo>
        <Attr Name="UsedIn" Val="synthesis"/>
        <Attr Name="UsedIn" Val="implementation"/>
        <Attr Name="UsedIn" Val="simulation"/>
      </FileInfo>
    </File>
    <File Path="$PSRCDIR/sources_1/new/top_secure_sensor.v">
      <FileInfo>
        <Attr Name="UsedIn" Val="synthesis"/>
        <Attr Name="UsedIn" Val="implementation"/>
        <Attr Name="UsedIn" Val="simulation"/>
      </FileInfo>
    </File>
    <Config>
      <Option Name="DesignMode" Val="RTL"/>
      <Option Name="TopModule" Val="top_secure_sensor"/>
    </Config>
  </FileSet>
  <FileSet Name="constrs_in" Type="Constrs" RelSrcDir="$PSRCDIR/constrs_1" RelGenDir="$PGENDIR/constrs_1">
    <Filter Type="Constrs"/>
    <File Path="$PSRCDIR/constrs_1/new/constraints.xdc">
      <FileInfo>
        <Attr Name="UsedIn" Val="synthesis"/>
        <Attr Name="UsedIn" Val="implementation"/>
      </FileInfo>
    </File>
    <Config>
      <Option Name="TargetConstrsFile" Val="$PSRCDIR/constrs_1/new/constraints.xdc"/>
      <Option Name="ConstrsType" Val="XDC"/>
    </Config>
  </FileSet>
  <FileSet Name="utils" Type="Utils" RelSrcDir="$PSRCDIR/utils_1" RelGenDir="$PGENDIR/utils_1">
    <Filter Type="Utils"/>
    <File Path="$PSRCDIR/utils_1/imports/synth_1/dht11_receiver.dcp">
      <FileInfo>
        <Attr Name="UsedIn" Val="synthesis"/>
        <Attr Name="UsedIn" Val="implementation"/>
        <Attr Name="UsedInSteps" Val="synth_1"/>
        <Attr Name="AutoDcp" Val="1"/>
      </FileInfo>
    </File>
    <Config>
      <Option Name="TopAutoSet" Val="TRUE"/>
    </Config>
  </FileSet>
  <Strategy Version="1" Minor="2">
    <StratHandle Name="Vivado Implementation Defaults" Flow="Vivado Implementation 2022"/>
    <Step Id="init_design"/>
    <Step Id="opt_design"/>
    <Step Id="power_opt_design"/>
    <Step Id="place_design"/>
    <Step Id="post_place_power_opt_design"/>
    <Step Id="phys_opt_design"/>
    <Step Id="route_design"/>
    <Step Id="post_route_phys_opt_design"/>
    <Step Id="write_bitstream"/>
  </Strategy>
</GenRun>
